ASIN,Title,Binding,Creator,Edition,Author,ItemDimensionsHeight,ItemDimensionsLength,ItemDimensionsWidth,ItemDimensionsWeight,Label,LanguagesUnknown,LanguagesOriginal,LanguagesPublished,Amount,CurrencyCode,Manufacturer,NumberOfPages,PackageDimensionsHeight,PackageDimensionsLength,PackageDimensionsWidth,PackageDimensionsWeight,ProductGroup,ProductTypeName,PublicationDate,Publisher,SmallImageUrl,Studio,SalesRanking
0470907576,"Handbook of Clinical Psychopharmacology for Psychologists",Hardcover,"Muse, Mark",1," ",9.17,1.18,7.01,7.01,Wiley,english,english,english,90.00,USD,Wiley,498,1.70,10.10,7.10,2.38,Book,ABIS_BOOK,2012-04-24,Wiley,http://ecx.images-amazon.com/images/I/41fwn5o1d3L._SL75_.jpg,Wiley,594932
0470907630,"Introductory Statistics (Custom For University of Massachusetts-Amherst",Paperback," ","Custom 7th",Mann," "," "," "," ","Wiley Custom Learning Solution",english," "," "," "," ","Wiley Custom Learning Solution"," ",1.20,10.80,8.30,3.20,Book,BOOKS_1973_AND_LATER,2011-01-01,"Wiley Custom Learning Solution",http://ecx.images-amazon.com/images/I/51z7D-uIGFL._SL75_.jpg,"Wiley Custom Learning Solution",550932
0470907665,"Exam 77-881 Microsoft Word 2010",Paperback," ",1,"Microsoft Official Academic Course",0.70,10.70,8.50,8.50,Wiley,english,english,english," "," ",Wiley,432,0.60,10.80,8.20,1.70,Book,ABIS_BOOK,2011-09-21,Wiley,http://ecx.images-amazon.com/images/I/51VG4hkEChL._SL75_.jpg,Wiley,581055
0470907673,"Excel 2010 (Microsoft Official Academic Course)",Spiral-bound," ",1,"Microsoft Official Academic Course",10.63,0.59,8.58,8.58,Wiley,english,english,english," "," ",Wiley,456,0.80,11.20,8.50,2.15,Book,ABIS_BOOK,2011-09-06,Wiley,http://ecx.images-amazon.com/images/I/51Zd5ogTmUL._SL75_.jpg,Wiley,351947
0470907681,"77-885 Microsoft Access 2010 with Microsoft Office 2010 Evaluation Software (Microsoft Official Academic Course)",Paperback," ",1,"Microsoft Official Academic Course",11.50,0.00,9.02,9.02,Wiley,english,english,english," "," ",Wiley,464,1.50,10.80,8.20,1.95,Book,ABIS_BOOK,2011-11-01,Wiley,http://ecx.images-amazon.com/images/I/51xig9HaovL._SL75_.jpg,Wiley,1277698
047090769X,"Leading Out Loud: A Guide for Engaging Others in Creating the Future (J-B US non-Franchise Leadership)",Hardcover," ",3,"Pearce, Terry",1.00,9.10,6.10,6.10,Jossey-Bass,english,english,english,34.95,USD,Jossey-Bass,272,1.18,9.29,6.42,1.01,Book,ABIS_BOOK,2013-02-11,Jossey-Bass,http://ecx.images-amazon.com/images/I/51rEARdmbhL._SL75_.jpg,Jossey-Bass,403484
0470907703,"Rethinking College Student Retention",Hardcover," ",1,"Braxton, John M.",0.00,0.00,0.00,0.00,Jossey-Bass,english,english,english,45.00,USD,Jossey-Bass,320,1.10,9.10,6.20,1.10,Book,ABIS_BOOK,2013-11-18,Jossey-Bass,http://ecx.images-amazon.com/images/I/41bTJbfJsUL._SL75_.jpg,Jossey-Bass,67737
047090772X,"The Mentor's Guide: Facilitating Effective Learning Relationships",Paperback," ",2,"Zachary, Lois J.",10.51,1.06,8.27,8.27,Jossey-Bass,english,english,english,36.00,USD,Jossey-Bass,288,0.80,10.90,8.50,1.90,Book,ABIS_BOOK,2011-10-25,Jossey-Bass,http://ecx.images-amazon.com/images/I/51u6xmFiuYL._SL75_.jpg,Jossey-Bass,48894
0470907738,"Beyond Forgiveness: Reflections on Atonement",Paperback,"Cousineau, Phil",1," ",9.25,0.72,5.98,5.98,Jossey-Bass,english,english,english,19.95,USD,Jossey-Bass,272,0.90,8.80,5.90,0.75,Book,ABIS_BOOK,2011-01-25,Jossey-Bass,http://ecx.images-amazon.com/images/I/51djG0a5wjL._SL75_.jpg,Jossey-Bass,410945
0470907754,"Falling Upward: A Spirituality for the Two Halves of Life",Hardcover," ",1,"Rohr, Richard",7.32,0.89,5.39,5.39,Jossey-Bass,english,english,english,19.95,USD,Jossey-Bass,240,1.00,7.10,5.10,0.60,Book,ABIS_BOOK,2011-04-19,Jossey-Bass,http://ecx.images-amazon.com/images/I/51AUTIKCMWL._SL75_.jpg,Jossey-Bass,870
0470907770,"Building Nonprofit Capacity: A Guide to Managing Change Through Organizational Lifecycles",Paperback," ",1,"Brothers, John",9.02,0.88,7.01,7.01,Jossey-Bass,english,english,english,42.00,USD,Jossey-Bass,208,0.40,9.20,7.00,0.10,Book,ABIS_BOOK,2011-10-18,Jossey-Bass,http://ecx.images-amazon.com/images/I/51VLiPMSPPL._SL75_.jpg,Jossey-Bass,759572
0470907924,"A Guide to Graphic Print Production",Hardcover," ",3,"Johansson, Kaj",10.24,1.14,9.02,9.02,Wiley,english,english,english,80.00,USD,Wiley,400,1.20,9.90,8.60,3.50,Book,ABIS_BOOK,2011-11-01,Wiley,http://ecx.images-amazon.com/images/I/41YJGZeSbrL._SL75_.jpg,Wiley,123950
0470908289,"Venture Capital Valuation, + Website: Case Studies and Methodology (Wiley Finance)",Hardcover," ",1,"Carver, Lorenzo",9.25,0.98,6.26,6.26,Wiley,english,english,english,99.95,USD,Wiley,288,1.30,9.10,6.40,1.05,Book,ABIS_BOOK,2011-12-27,Wiley,http://ecx.images-amazon.com/images/I/51YnLlJACaL._SL75_.jpg,Wiley,206380
0470908297,"Middle Market M & A: Handbook for Investment Banking and Business Consulting (Wiley Finance)",Hardcover," ",1,"Marks, Kenneth H.",1.08,9.11,6.35,6.35,Wiley,english,english,english,125.00,USD,Wiley,376,1.50,9.10,6.00,1.30,Book,ABIS_BOOK,2012-02-01,Wiley,http://ecx.images-amazon.com/images/I/51LpDRCDkAL._SL75_.jpg,Wiley,312343
0470908513,"77-884 Microsoft Outlook 2010 with Microsoft Office 2010 Evaluation Software (Microsoft Official Academic Course)",Paperback," ",1,"Microsoft Official Academic Course",10.63,0.71,8.19,8.19,Wiley,english,english,english," "," ",Wiley,448,0.90,10.80,8.00,1.90,Book,ABIS_BOOK,2011-10-25,Wiley,http://ecx.images-amazon.com/images/I/51EgIIMRUsL._SL75_.jpg,Wiley,930856
0470908521,"77-883 Microsoft PowerPoint 2010 with Microsoft Office 2010 Evaluation Software",Paperback," ",1,"Microsoft Official Academic Course",10.55,0.71,8.58,8.58,Wiley,english,english,english," "," ",Wiley,432,0.79,10.79,8.58,1.50,Book,ABIS_BOOK,2011-10-11,Wiley,http://ecx.images-amazon.com/images/I/51qRxcH5LNL._SL75_.jpg,Wiley,995566
047090853X,"Visual Notes for Architects and Designers",Paperback," ",2,"Crowe, Norman",9.92,0.59,6.77,6.77,Wiley,english,english,english,65.00,USD,Wiley,240,0.60,9.80,6.60,0.70,Book,ABIS_BOOK,2011-11-29,Wiley,http://ecx.images-amazon.com/images/I/51lAFE7u9lL._SL75_.jpg,Wiley,207711
0470908556,"Architectural Research Methods",Paperback," ",2,"Groat, Linda N.",0.00,0.00,0.00,0.00,Wiley,english,english,english,70.00,USD,Wiley,480,1.26,9.21,7.48,1.80,Book,ABIS_BOOK,2013-04-08,Wiley,http://ecx.images-amazon.com/images/I/61yZ88PnbrL._SL75_.jpg,Wiley,215481
0470908742,"Discovering Knowledge in Data: An Introduction to Data Mining (Wiley Series on Methods and Applications in Data Mining)",Hardcover," ",2,"Larose, Daniel T.",0.00,0.00,0.00,0.00,Wiley,english,english,english,89.95,USD,Wiley,336," "," "," "," ",Book,ABIS_BOOK,2014-04-28,Wiley,http://ecx.images-amazon.com/images/I/51ukEFdWfDL._SL75_.jpg,Wiley," "
0470909137,"Essentials of Ecology",Paperback," ",4,"Begon, Michael",0.00,0.00,0.00,0.00,Wiley,english,english,english," "," ",Wiley,480," "," "," "," ",Book,ABIS_BOOK,2014-09-22,Wiley,http://g-ecx.images-amazon.com/images/G/01/x-site/icons/no-img-sm._V192198896_.gif,Wiley,6558240
0470909250,"Repase y escriba, Workbook: Curso avanzado de gramtica y composicion",Paperback," ",6,"Dominicis, Maria Canteli",9.65,0.59,7.80,7.80,Wiley,english,spanish,english," "," ",Wiley,264,0.70,9.90,7.80,1.20,Book,ABIS_BOOK,2010-12-07,Wiley,http://ecx.images-amazon.com/images/I/51aS1GlU5VL._SL75_.jpg,Wiley,195226
0470910127,"Fundamentals of Human Resource Management",Paperback," ",11,"DeCenzo, David A.",0.60,10.80,8.40,8.40,Wiley,english,english,english," "," ",Wiley,448,0.79,10.87,8.50,1.90,Book,ABIS_BOOK,2012-11-12,Wiley,http://ecx.images-amazon.com/images/I/51C0tlxR-aL._SL75_.jpg,Wiley,32884
0470910321,"Ineffective Habits of Financial Advisors (and the Disciplines to Break Them): A Framework for Avoiding the Mistakes Everyone Else Makes",Hardcover,"Brooks, Gary",1,"Moore, Steve",0.90,9.22,6.36,6.36,Wiley,english,english,english,34.95,USD,Wiley,256,1.00,9.00,6.00,2.20,Book,ABIS_BOOK,2010-11-09,Wiley,http://ecx.images-amazon.com/images/I/51LAKYNeEGL._SL75_.jpg,Wiley,183338
047091033X,"The Day After the Dollar Crashes: A Survival Guide for the Rise of the New World Order",Hardcover," ",1,"Vickers, Damon",9.33,0.79,6.38,6.38,Wiley,english,english,english,29.95,USD,Wiley,190,0.90,9.00,6.30,0.85,Book,ABIS_BOOK,2011-01-25,Wiley,http://ecx.images-amazon.com/images/I/51McloPqRKL._SL75_.jpg,Wiley,303459
0470910615,"Applied Statistics and Probability for Engineers, 5th Edition Binder Ready Version","Loose Leaf"," ","5 Unbnd","Montgomery, Douglas C.",9.76,0.98,7.60,7.60,Wiley,english,english,english," "," ",Wiley,784,1.10,10.00,7.90,2.75,Book,ABIS_BOOK,2010-03-22,Wiley,http://ecx.images-amazon.com/images/I/513xBWqzrgL._SL75_.jpg,Wiley," "
0470911085,"Statistics For Dummies",Paperback," ",2,"Rumsey, Deborah J.",9.25,7.40,0.79,0.79,"For Dummies",english,english,english,19.99,USD,"For Dummies",384,1.00,9.20,7.40,1.10,Book,ABIS_BOOK,2011-05-03,"For Dummies",http://ecx.images-amazon.com/images/I/513jKAwrrXL._SL75_.jpg,"For Dummies",5131
0470911387,"Locavesting: The Revolution in Local Investing and How to Profit From It",Hardcover," ",1,"Cortese, Amy",1.10,8.60,5.90,5.90,Wiley,english,english,english,22.95,USD,Wiley,252,1.18,8.58,5.75,0.93,Book,ABIS_BOOK,2011-06-07,Wiley,http://ecx.images-amazon.com/images/I/51OjPNR0LvL._SL75_.jpg,Wiley,247581
0470912073,"American Dietetic Association Complete Food and Nutrition Guide, Revised and Updated 4th Edition",Paperback," ","4th, Revised and Updated Edition","Hornick, Betsy",9.88,1.50,7.87,7.87,"Houghton Mifflin Harcourt",english,english,english,24.95,USD,"Houghton Mifflin Harcourt",720,1.60,9.90,8.00,2.70,Book,ABIS_BOOK,2012-02-03,"Houghton Mifflin Harcourt",http://ecx.images-amazon.com/images/I/51XRLHrKh6L._SL75_.jpg,"Houghton Mifflin Harcourt",32795
0470912332,"Beginning Windows Phone 7 Application Development: Building Windows Phone Applications Using Silverlight and XNA",Paperback," ",1,"Lecrenski, Nick",1.13,9.24,7.41,7.41,Wrox,english,english,english,34.99,USD,Wrox,600,1.10,9.29,7.56,2.29,Book,ABIS_BOOK,2011-05-03,Wrox,http://ecx.images-amazon.com/images/I/51MN1zrOngL._SL75_.jpg,Wrox,1840031
0470912863,"Business Analytics for Sales and Marketing Managers: How to Compete in the Information Age (Wiley and SAS Business Series)",Hardcover," ",1,"Laursen, Gert H. N.",9.33,0.98,6.38,6.38,Wiley,english,english,english,49.95,USD,Wiley,256,1.10,9.06,6.22,0.97,Book,ABIS_BOOK,2011-04-05,Wiley,http://ecx.images-amazon.com/images/I/514DHZf5iIL._SL75_.jpg,Wiley,1379111
0470912871,"The New CEO Corporate Leadership Manual: Strategic and Analytical Tools for Growth",Hardcover," ",1,"Bragg, Steven M.",9.76,0.00,7.24,7.24,Wiley,english,english,english,125.00,USD,Wiley,344,1.30,10.00,7.10,1.80,Book,ABIS_BOOK,2011-07-26,Wiley,http://ecx.images-amazon.com/images/I/51MJ1LTx1hL._SL75_.jpg,Wiley,944856
047091288X,"COSO Enterprise Risk Management: Establishing Effective Governance, Risk, and Compliance (GRC) Processes (Wiley Corporate F&A)",Hardcover," ",2,"Moeller, Robert R.",10.28,1.28,7.36,7.36,Wiley,english,english,english,75.00,USD,Wiley,366,1.34,10.08,7.24,1.90,Book,ABIS_BOOK,2011-09-06,Wiley,http://ecx.images-amazon.com/images/I/41U5Fw6BfxL._SL75_.jpg,Wiley,743496
0470913029,"The Paleo Diet Revised: Lose Weight and Get Healthy by Eating the Foods You Were Designed to Eat",Paperback," ","Revised Edition","Cordain, Loren",9.21,6.34,0.75,0.75,"Houghton Mifflin Harcourt",english,english,english,14.95,USD,"Houghton Mifflin Harcourt",288,0.94,9.13,6.06,0.75,Book,ABIS_BOOK,2010-11-19,"Houghton Mifflin Harcourt",http://ecx.images-amazon.com/images/I/51254%2B9nRxL._SL75_.jpg,"Houghton Mifflin Harcourt",674
0470913045,"The Paleo Diet Cookbook: More Than 150 Recipes for Paleo Breakfasts, Lunches, Dinners, Snacks, and Beverages",Paperback," ",1,"Cordain, Loren",9.25,7.52,0.51,0.51,"Houghton Mifflin Harcourt",english,english,english,19.95,USD,"Houghton Mifflin Harcourt",256,0.70,9.20,7.50,0.95,Book,ABIS_BOOK,2010-11-19,"Houghton Mifflin Harcourt",http://ecx.images-amazon.com/images/I/511L3iY9HWL._SL75_.jpg,"Houghton Mifflin Harcourt",1569
0470913355,"The Future of Nonprofits: Innovate and Thrive in the Digital Age",Hardcover," ",1,"Neff, David J.",9.25,0.94,6.26,6.26,Wiley,english,english,english,45.00,USD,Wiley,272,1.10,9.00,6.00,1.00,Book,ABIS_BOOK,2011-05-03,Wiley,http://ecx.images-amazon.com/images/I/41N3TnggtPL._SL75_.jpg,Wiley,475139
0470913886,"Cooking Basics For Dummies",Paperback," ",4,"Miller, Bryan",9.02,1.02,7.20,7.20,"For Dummies",english,english,english,21.99,USD,"For Dummies",464,1.10,9.10,7.40,1.90,Book,ABIS_BOOK,2011-01-11,"For Dummies",http://ecx.images-amazon.com/images/I/51%2Bhw1bdt%2BL._SL75_.jpg,"For Dummies",38457
0470914343,"Helping Men Recover, Community Version Set","Loose Leaf"," ",1,"Covington, Stephanie S.",11.34,2.56,12.32,12.32,Jossey-Bass,english,english,english,195.00,USD,Jossey-Bass,300,3.70,12.00,11.40,6.85,Book,ABIS_BOOK,2011-01-18,Jossey-Bass,http://ecx.images-amazon.com/images/I/51mXob3fNPL._SL75_.jpg,Jossey-Bass,437796
0470914661,"Size Matters Not: The Extraordinary Life and Career of Warwick Davis",Hardcover," ",1,"Davis, Warwick",1.05,8.56,5.74,5.74,Wiley,english,english,english,24.95,USD,Wiley,416,1.50,7.90,5.30,1.10,Book,ABIS_BOOK,2011-11-01,Wiley,http://ecx.images-amazon.com/images/I/51ejbLzmEmL._SL75_.jpg,Wiley,915132
047091467X,"Conducting a Successful Capital Campaign: The New, Revised, and Expanded Edition of the Leading Guide to Planning and Implementing a Capital Campaign",Paperback," ",2,"Dove, Kent E.",9.13,1.18,7.40,7.40,Jossey-Bass,english,english,english,65.00,USD,Jossey-Bass,528,1.20,9.20,7.50,2.00,Book,ABIS_BOOK,1999-10-25,Jossey-Bass,http://ecx.images-amazon.com/images/I/51KNnqkx67L._SL75_.jpg,Jossey-Bass,305020
0470915471,"The Relationship Edge: The Key to Strategic Influence and Selling Success",Paperback," ",3,"Jerry Acuff",0.71,8.97,5.96,5.96,Wiley,english,english,english,21.95,USD,Wiley,256,0.80,8.90,5.90,0.75,Book,ABIS_BOOK,2011-02-15,Wiley,http://ecx.images-amazon.com/images/I/51llOhbVDcL._SL75_.jpg,Wiley,325645
047091551X,"Making Thinking Visible: How to Promote Engagement, Understanding, and Independence for All Learners",Paperback," ",1,"Ritchhart, Ron",9.25,0.67,6.73,6.73,Jossey-Bass,english,english,english,29.95,USD,Jossey-Bass,320,0.80,9.20,6.90,1.40,Book,ABIS_BOOK,2011-05-03,Jossey-Bass,http://ecx.images-amazon.com/images/I/51yVSHHSZvL._SL75_.jpg,Jossey-Bass,5632
0470915528,"Liquid Phase Oxidation via Heterogeneous Catalysis: Organic Synthesis and Industrial Applications",Hardcover," ",1,"Clerici, Mario G.",0.00,0.00,0.00,0.00,Wiley,english,english,english,150.00,USD,Wiley,546,1.34,9.29,6.30,2.00,Book,ABIS_BOOK,2013-06-04,Wiley,http://ecx.images-amazon.com/images/I/51jHUS7prlL._SL75_.jpg,Wiley,5247748
0470915625,"Oil's Endless Bid: Taming the Unreliable Price of Oil to Secure Our Economy",Hardcover," ",1,"Dicker, Dan",9.33,1.17,6.38,6.38,Wiley,english,english,english,34.95,USD,Wiley,338,1.40,9.10,6.30,1.15,Book,ABIS_BOOK,2011-04-12,Wiley,http://ecx.images-amazon.com/images/I/41D1YM6Ws6L._SL75_.jpg,Wiley,361255
0470915730,"Long-Term Secrets to Short-Term Trading (Wiley Trading)",Hardcover," ",2,"Williams, Larry",10.24,1.06,7.48,7.48,Wiley,english,english,english,85.00,USD,Wiley,300,1.18,10.00,7.09,1.59,Book,ABIS_BOOK,2011-12-06,Wiley,http://ecx.images-amazon.com/images/I/51QUKmnpGkL._SL75_.jpg,Wiley,450747
0470915803,"Investments: Principles of Portfolio and Equity Analysis (CFA Institute Investment Series)",Hardcover,"Kochard CFA, Lawrence E.",1,"McMillan CFA, Michael G.",10.08,1.57,7.40,7.40,Wiley,english,english,english,95.00,USD,Wiley,620,1.70,10.00,7.30,3.05,Book,ABIS_BOOK,2011-02-08,Wiley,http://ecx.images-amazon.com/images/I/51E3RmDrqOL._SL75_.jpg,Wiley,658840
047091582X,"Investments Workbook: Principles of Portfolio and Equity Analysis (CFA Institute Investment Series)",Paperback," ",1,"McMillan CFA, Michael G.",9.96,0.49,7.09,7.09,Wiley,english,english,english,45.00,USD,Wiley,134,0.50,9.90,6.90,0.80,Book,ABIS_BOOK,2011-02-08,Wiley,http://ecx.images-amazon.com/images/I/51OX2Z3CKJL._SL75_.jpg,Wiley,1158551
0470915846,"How to be a Presentation God: Build, Design, and Deliver Presentations that Dominate",Hardcover," ",1,"Schwertly, Scott",0.94,8.55,5.76,5.76,Wiley,english,english,english,22.95,USD,Wiley,260,1.10,8.60,5.80,1.00,Book,ABIS_BOOK,2011-02-15,Wiley,http://ecx.images-amazon.com/images/I/51PiConNxtL._SL75_.jpg,Wiley,436312
0470915854,"Chasing the Monster Idea: The Marketer's Almanac for Predicting Idea Epicness",Hardcover," ",1,"Mumaw, Stefan",8.58,0.87,5.79,5.79,Wiley,english,english,english,22.95,USD,Wiley,224,1.00,8.60,5.60,4.50,Book,ABIS_BOOK,2011-02-22,Wiley,http://ecx.images-amazon.com/images/I/51h6M3EtxCL._SL75_.jpg,Wiley,953275
0470915870,"Getting Ahead: Three Steps to Take Your Career to the Next Level",Hardcover,"Goldsmith, Marshall",1,"Garfinkle, Joel A.",1.17,9.05,6.33,6.33,Wiley,english,english,english,24.95,USD,Wiley,271,1.20,9.00,6.10,0.75,Book,ABIS_BOOK,2011-09-13,Wiley,http://ecx.images-amazon.com/images/I/51sXmlLhxiL._SL75_.jpg,Wiley,235430
0470915927,"Anxiety and Depression For Dummies, Pocket Edition",Paperback," "," ","Smith, Laura L.; Elliott, Charles H."," "," "," "," ","For Dummies",english,english," "," "," ","For Dummies",132,0.40,6.70,4.20,0.20,Book,ABIS_BOOK,2010-01-01,"For Dummies",http://ecx.images-amazon.com/images/I/41zj%2BR6H9iL._SL75_.jpg,"For Dummies",665063
0470916001,"Undercover Boss: Inside the TV Phenomenon that is Changing Bosses and Employees Everywhere",Hardcover," ",1,"Lambert, Stephen",9.33,0.96,6.50,6.50,Jossey-Bass,english,english,english,24.95,USD,Jossey-Bass,272,1.20,9.00,6.20,0.30,Book,ABIS_BOOK,2010-11-02,Jossey-Bass,http://ecx.images-amazon.com/images/I/51akgYejoiL._SL75_.jpg,Jossey-Bass,1355075
0470916109,"The Big Win: Learning from the Legends to Become a More Successful Investor",Hardcover," ",1,"Weiss, Stephen L.",9.49,0.91,6.26,6.26,Wiley,english,english,english,29.95,USD,Wiley,227,1.10,9.10,6.20,0.95,Book,ABIS_BOOK,2012-05-01,Wiley,http://ecx.images-amazon.com/images/I/51OGxvSYYBL._SL75_.jpg,Wiley,454484
0470916222,"Professional WordPress Plugin Development",Paperback," ",1,"Williams, Brad",9.06,1.10,7.28,7.28,Wrox,english,english,english,44.99,USD,Wrox,552,1.30,9.00,7.40,2.05,Book,ABIS_BOOK,2011-03-15,Wrox,http://ecx.images-amazon.com/images/I/516asCRKGXL._SL75_.jpg,Wrox,166216
0470916516,"Genealogy Online For Dummies",Paperback," ",6,"Helm, Matthew L.",9.25,0.87,7.48,7.48,"For Dummies",english,english,english,24.99,USD,"For Dummies",408,1.10,9.20,7.30,1.20,Book,ABIS_BOOK,2011-01-11,"For Dummies",http://ecx.images-amazon.com/images/I/51NVnyiW4uL._SL75_.jpg,"For Dummies",49029
0470916591,"HTML, XHTML and CSS For Dummies",Paperback," ",7,"Tittel, Ed",0.87,9.12,7.45,7.45,"For Dummies",english,english,english,29.99,USD,"For Dummies",416,1.00,9.10,7.30,2.00,Book,ABIS_BOOK,2011-01-11,"For Dummies",http://ecx.images-amazon.com/images/I/51uuI%2BDdplL._SL75_.jpg,"For Dummies",77045
0470916621,"International Financial Statement Analysis (CFA Institute Investment Series)",Hardcover,"Cope CFA, Anthony T.",2,"Robinson, Thomas R.",1.70,10.24,7.20,7.20,Wiley,english,english,english,100.00,USD,Wiley,1040,1.97,10.43,7.40,4.06,Book,ABIS_BOOK,2012-05-01,Wiley,http://ecx.images-amazon.com/images/I/51g9TPjy52L._SL75_.jpg,Wiley,131000
047091663X,"International Financial Statement Analysis Workbook (CFA Institute Investment Series)",Paperback,"Cope CFA, Anthony T.",2,"Robinson, Thomas R.",10.24,0.59,6.73,6.73,Wiley,english,english,english,45.00,USD,Wiley,208,0.60,9.90,6.90,0.80,Book,ABIS_BOOK,2012-05-01,Wiley,http://ecx.images-amazon.com/images/I/51sqtTo9t0L._SL75_.jpg,Wiley,429864
047091680X,"Information Technology for Management: Improving Strategic and Operational Performance",Hardcover," ",8,"Turban, Efraim",11.06,0.98,8.86,8.86,Wiley,english,english,english," "," ",Wiley,480,0.90,10.90,8.80,2.50,Book,ABIS_BOOK,2011-01-18,Wiley,http://ecx.images-amazon.com/images/I/51-kR1UtiUL._SL75_.jpg,Wiley,151853
0470916818,"Disturbance Analysis for Power Systems",Hardcover," ",1,"Ibrahim, Mohamed A.",9.49,1.48,5.98,5.98,"Wiley-IEEE Press",english,english,english,155.95,USD,"Wiley-IEEE Press",736,1.38,9.29,6.14,2.12,Book,ABIS_BOOK,2011-10-25,"Wiley-IEEE Press",http://ecx.images-amazon.com/images/I/41gxB9v5hqL._SL75_.jpg,"Wiley-IEEE Press",387159
0470916826,"Google SketchUp 8 For Dummies",Paperback," ",1,"Chopra, Aidan",1.09,9.19,7.43,7.43,"For Dummies",english,english,english,29.99,USD,"For Dummies",496,1.30,9.10,7.30,1.60,Book,ABIS_BOOK,2010-12-28,"For Dummies",http://ecx.images-amazon.com/images/I/51HFd8-uHrL._SL75_.jpg,"For Dummies",49740
0470917385,"Monitoring Polymerization Reactions: From Fundamentals to Applications",Hardcover," ",1,"Reed, Wayne F.",0.00,0.00,0.00,0.00,Wiley,english,english,english,150.00,USD,Wiley,488,1.20,11.10,8.60,2.80,Book,ABIS_BOOK,2014-01-21,Wiley,http://ecx.images-amazon.com/images/I/41k19S9eCRL._SL75_.jpg,Wiley,2013707
0470917393,"The New Edge in Knowledge: How Knowledge Management Is Changing the Way We Do Business",Hardcover," ",1,"O'Dell, Carla",1.20,9.00,6.10,6.10,Wiley,english,english,english,45.00,USD,Wiley,256,1.10,8.98,6.14,0.97,Book,ABIS_BOOK,2011-03-01,Wiley,http://ecx.images-amazon.com/images/I/51QkpSnPxBL._SL75_.jpg,Wiley,100921
0470917407,"Enterprise Risk Management Best Practices: From Assessment to Ongoing Compliance (Wiley Corporate F&A)",Hardcover," ",1,"Marchetti, Anne M.",9.33,1.11,6.38,6.38,Wiley,english,english,english,60.00,USD,Wiley,180,0.80,9.00,6.20,0.25,Book,ABIS_BOOK,2011-10-25,Wiley,http://ecx.images-amazon.com/images/I/51Pn2roGxbL._SL75_.jpg,Wiley,510571
0470917423,"The Courage Quotient: How Science Can Make You Braver",Hardcover," ",1,"Biswas-Diener, Robert",9.49,0.83,6.26,6.26,Jossey-Bass,english,english,english,25.95,USD,Jossey-Bass,208,0.90,9.10,6.10,0.85,Book,ABIS_BOOK,2012-04-10,Jossey-Bass,http://ecx.images-amazon.com/images/I/419pK-5wLQL._SL75_.jpg,Jossey-Bass,87358
0470917458,Biochemistry,Paperback," ","4th Edition Binder Ready Version",Voet,10.75,1.97,8.39,8.39,Wiley,english,english,english," "," ",Wiley,1248,2.00,11.00,8.50,6.15,Book,ABIS_BOOK,2010-11-16,Wiley,http://ecx.images-amazon.com/images/I/51WgaLeK4yL._SL75_.jpg,Wiley,1157477
0470917466,"Principles of Human Anatomy","Loose Leaf"," ","12th Edition Binder Ready Version","Tortora, Gerard J.",11.73,1.30,8.98,8.98,Wiley,english,english,english," "," ",Wiley,976,2.20,12.00,11.10,6.95,Book,ABIS_BOOK,2010-09-21,Wiley,http://ecx.images-amazon.com/images/I/515b-FkmFUL._SL75_.jpg,Wiley,1023327
0470917474,"Atlas of Human Anatomy","Loose Leaf"," ",1,"Nielsen, Mark",0.40,10.70,9.10,9.10,Wiley,english,english,english," "," ",Wiley,352,0.50,10.70,9.10,1.75,Book,ABIS_BOOK,2010-09-21,Wiley,http://ecx.images-amazon.com/images/I/51fGL5uYRsL._SL75_.jpg,Wiley,1309486
0470917482,"Purchasing: Selection and Procurement for the Hospitality Industry","Loose Leaf"," ","8th Edition Binder Ready Version","Feinstein, Andrew H.",10.63,1.10,8.07,8.07,Wiley,english,english,english," "," ",Wiley,704,1.10,10.60,8.20,3.50,Book,ABIS_BOOK,2011-01-11,Wiley,http://ecx.images-amazon.com/images/I/51KyXKjxuZL._SL75_.jpg,Wiley,990128
0470917520,"Managerial Accounting, Binder-Ready Version","Loose Leaf"," ",1,"Davis, Charles E.",0.00,0.00,0.00,0.00,Wiley,english,english,english," "," ",Wiley,752,1.10,10.80,8.40,3.00,Book,ABIS_BOOK,2011-09-26,Wiley,http://ecx.images-amazon.com/images/I/51DHXT35DWL._SL75_.jpg,Wiley,977761
0470917539,"Laboratory Manual for Anatomy and Physiology","Loose Leaf"," ","4th Edition Binder Ready Version","Allen, Connie",10.43,0.98,8.19,8.19,Wiley,english,english,english," "," ",Wiley,752,1.10,10.80,8.20,3.10,Book,ABIS_BOOK,2011-01-11,Wiley,http://ecx.images-amazon.com/images/I/51SE7sY6b5L._SL75_.jpg,Wiley,395824
0470917601,"Functions Modeling Change: A Preparation for Calculus","Loose Leaf"," ","4th Edition Binder Ready Version","Connally, Eric",10.35,0.91,8.19,8.19,Wiley,english,english,english," "," ",Wiley,672,1.00,10.50,8.30,2.50,Book,ABIS_BOOK,2010-11-15,Wiley,http://ecx.images-amazon.com/images/I/618GOp1VweL._SL75_.jpg,Wiley,333055
047091761X,"Explorations in College Algebra","Loose Leaf"," ",5,"Kime, Linda Almgren",10.63,0.98,8.27,8.27,Wiley,english,english,english," "," ",Wiley,768,0.81,9.83,7.44,1.31,Book,ABIS_BOOK,2010-11-15,Wiley,http://ecx.images-amazon.com/images/I/51P4gco0T3L._SL75_.jpg,Wiley,351586
0470917636,"Digital SLR Settings and Shortcuts For Dummies",Paperback," ",1,"Sahlin, Doug",0.81,9.12,7.40,7.40,"For Dummies",english,english,english,29.99,USD,"For Dummies",400,1.00,9.10,7.30,2.00,Book,ABIS_BOOK,2011-01-04,"For Dummies",http://ecx.images-amazon.com/images/I/51fGVsXPe0L._SL75_.jpg,"For Dummies",398544
0470917644,"Digital Cameras & Photography For Dummies, Book + DVD Bundle",Paperback," ",1,"Hinton, Mark Justice",0.82,9.24,7.40,7.40,"For Dummies",english,english,english,24.99,USD,"For Dummies",224,1.20,9.60,7.40,1.45,Book,ABIS_BOOK,2010-11-30,"For Dummies",http://ecx.images-amazon.com/images/I/519fTUiJLbL._SL75_.jpg,"For Dummies",925817
0470917652,"Management Information Systems","Loose Leaf"," ",1,"Rainer, R. Kelly",0.00,0.00,0.00,0.00,Wiley,english,english,english," "," ",Wiley,672,0.88,10.77,8.44,2.53,Book,ABIS_BOOK,2012-01-18,Wiley,http://ecx.images-amazon.com/images/I/51TiZjoQ%2BmL._SL75_.jpg,Wiley,4224678
0470917687,"Fundamentals of Engineering Thermodynamics","Loose Leaf"," ","7th Edition Binder Ready Version","Moran, Michael J.",10.63,1.38,8.39,8.39,Wiley,english,english,english," "," ",Wiley,1024,1.50,10.90,8.60,4.25,Book,ABIS_BOOK,2010-12-01,Wiley,http://ecx.images-amazon.com/images/I/61EUC7-1niL._SL75_.jpg,Wiley,449668
0470917695,"Control Systems Engineering","Loose Leaf"," ","6th Edition Binder Ready Version","Nise, Norman S.",9.65,1.28,7.78,7.78,Wiley,english,english,english," "," ",Wiley,944,1.20,9.90,7.70,3.15,Book,ABIS_BOOK,2010-12-08,Wiley,http://ecx.images-amazon.com/images/I/41Alpoj18QL._SL75_.jpg,Wiley,746710
0470917717,"Information Technology for Management: Improving Strategic and Operational Performance 8th Edition Binder Ready Version","Loose Leaf"," ","8 Lslf","Turban, Efraim",10.75,0.71,8.27,8.27,Wiley,english,english,english," "," ",Wiley,480,1.40,13.40,10.10,2.75,Book,ABIS_BOOK,2011-01-18,Wiley,http://g-ecx.images-amazon.com/images/G/01/x-site/icons/no-img-sm._V192198896_.gif,Wiley,2582319
0470917733,"Operating System Concepts Essentials","Loose Leaf"," ",1,"Silberschatz, Abraham",10.00,1.00,6.80,6.80,Wiley,english,english,english," "," ",Wiley,752,1.00,9.90,6.90,2.00,Book,ABIS_BOOK,2011-03-22,Wiley,http://ecx.images-amazon.com/images/I/51VthkDzQVL._SL75_.jpg,Wiley,3043185
047091775X,"Technical Mathematics with Calculus","Loose Leaf"," ","6th Edition Binder Ready Version","Calter, Paul A.",10.80,1.55,8.55,8.55,Wiley,english,english,english," "," ",Wiley,1152,1.54,10.77,8.52,4.52,Book,ABIS_BOOK,2010-12-28,Wiley,http://ecx.images-amazon.com/images/I/51Nl6Y2kSAL._SL75_.jpg,Wiley," "
0470917776,"Principles of Anatomy and Physiology","Loose Leaf"," ","13th Edition Binder Ready Version","Tortora, Gerard J.",1.70,10.80,9.30,9.30,Wiley,english,english,english," "," ",Wiley,1344,1.60,10.80,9.30,6.85,Book,ABIS_BOOK,2011-01-05,Wiley,http://ecx.images-amazon.com/images/I/51tMr7L%2BgwL._SL75_.jpg,Wiley,151058
0470917814,"Environmental Science: Earth as a Living Planet","Loose Leaf"," ","8th Edition Binder Ready Version","Botkin, Daniel B.",10.75,0.91,8.19,8.19,Wiley,english,english,english," "," ",Wiley,656,0.90,10.80,8.40,2.70,Book,ABIS_BOOK,2011-01-05,Wiley,http://ecx.images-amazon.com/images/I/51qG29g5ZAL._SL75_.jpg,Wiley,893787
0470917822,"Dicho y hecho: Beginning Spanish with accompanying Audio (Spanish Edition)","Loose Leaf"," ","9th Edition Binder Ready Version","Dawson, Laila M.",11.50,0.91,8.50,8.50,Wiley,spanish,spanish,spanish," "," ",Wiley,608,0.90,10.90,8.40,2.55,Book,ABIS_BOOK,2011-01-11,Wiley,http://ecx.images-amazon.com/images/I/511uvPPDRYL._SL75_.jpg,Wiley,760455
0470917830,"Intermediate Accounting, 14th edition Binder Ready Version","Loose Leaf"," ","14 Unbnd","Kieso, Donald E.",10.75,2.09,8.46,8.46,Wiley,english,english,english," "," ",Wiley,1640,1.90,10.90,8.50,6.35,Book,ABIS_BOOK,2011-03-15,Wiley,http://ecx.images-amazon.com/images/I/31Gcblpe-gL._SL75_.jpg,Wiley,113215
0470917857,"Fundamentals of Heat and Mass Transfer","Loose Leaf"," ","7th Edition Binder Ready Version","Incropera, Frank P.",1.40,9.90,7.70,7.70,Wiley,english,english,english," "," ",Wiley,1080,1.40,9.90,7.70,3.60,Book,ABIS_BOOK,2011-05-16,Wiley,http://ecx.images-amazon.com/images/I/51cbzec8VWL._SL75_.jpg,Wiley,174200
0470917865,"Introduction to Heat Transfer","Loose Leaf"," ","6th Edition Binder Ready Version","Incropera, Frank P.",10.00,1.30,8.27,8.27,Wiley,english,english,english," "," ",Wiley,984,1.30,10.00,7.60,3.20,Book,ABIS_BOOK,2011-05-16,Wiley,http://ecx.images-amazon.com/images/I/31e4amYmx8L._SL75_.jpg,Wiley,921176
0470917873,"Engineering Mechanics: Statics","Loose Leaf"," ","7th Edition Binder Ready Version","Meriam, J. L.",9.76,0.91,7.87,7.87,Wiley,english,english,english," "," ",Wiley,544,0.80,9.90,7.90,1.90,Book,ABIS_BOOK,2011-08-09,Wiley,http://ecx.images-amazon.com/images/I/31SdWrN9ofL._SL75_.jpg,Wiley,2209307
0470917881,"Accounting, Fourth Edition Binder Ready Version","Loose Leaf"," ","4 Unbnd","Kimmel, Paul D.",10.75,1.77,8.19,8.19,Wiley,english,english,english," "," ",Wiley,1408,2.50,10.90,8.90,5.05,Book,ABIS_BOOK,2010-12-01,Wiley,http://ecx.images-amazon.com/images/I/61G47yyA11L._SL75_.jpg,Wiley,787450
0470918004,"Foreign Corrupt Practices Act: A Practical Resource for Managers and Executives",Paperback," ",1,"Murphy, Aaron G.",9.06,0.00,6.06,6.06,Wiley,english,english,english,60.00,USD,Wiley,288,1.02,8.90,5.98,0.79,Book,ABIS_BOOK,2010-12-21,Wiley,http://ecx.images-amazon.com/images/I/51JlvrMpFQL._SL75_.jpg,Wiley,294797
047091808X,"The Cul-de-Sac Syndrome: Turning Around the Unsustainable American Dream (Bloomberg)",Paperback," ",1,"Wasik, John F.",8.85,0.59,5.96,5.96,"Bloomberg Press",english,english,english,14.95,USD,"Bloomberg Press",207,0.70,8.90,5.90,0.60,Book,ABIS_BOOK,2011-02-08,"Bloomberg Press",http://ecx.images-amazon.com/images/I/51LCJapKS9L._SL75_.jpg,"Bloomberg Press",2101377
0470918136,"Morningstar's 30-Minute Money Solutions: A Step-by-Step Guide to Managing Your Finances",Paperback," ",1,"Benz, Christine",0.88,8.63,5.70,5.70,Wiley,english,english,english,16.95,USD,Wiley,295,0.90,8.60,5.60,0.80,Book,ABIS_BOOK,2011-03-01,Wiley,http://ecx.images-amazon.com/images/I/51b5P%2B7-rCL._SL75_.jpg,Wiley,769764
0470918144,"Aftershock: Protect Yourself and Profit in the Next Global Financial Meltdown",Hardcover," ","2nd Revised and Updated","Wiedemer, David",1.16,9.07,6.41,6.41,Wiley,english,english,english,27.95,USD,Wiley,320,1.10,9.10,6.30,1.15,Book,ABIS_BOOK,2011-08-02,Wiley,http://ecx.images-amazon.com/images/I/51Qz1xU0x6L._SL75_.jpg,Wiley,6809
0470918179,"Save Big: Cut Your Top 5 Costs and Save Thousands",Paperback,"Sawyer, Diane",1,"Leamy, Elisabeth",8.62,0.95,5.43,5.43,Wiley,english,english,english,14.95,USD,Wiley,338,1.00,8.60,5.60,0.75,Book,ABIS_BOOK,2011-02-22,Wiley,http://ecx.images-amazon.com/images/I/51xXhYOvfpL._SL75_.jpg,Wiley,1026732
0470918195,"The Ultimate Suburban Survivalist Guide: The Smartest Money Moves to Prepare for Any Crisis",Paperback," ",1,"Brodrick, Sean",8.78,1.00,5.79,5.79,Wiley,english,english,english,14.95,USD,Wiley,329,1.00,8.70,5.60,0.95,Book,ABIS_BOOK,2011-01-25,Wiley,http://ecx.images-amazon.com/images/I/51-XzF8FWIL._SL75_.jpg,Wiley,626431
0470918209,"CauseWired: Plugging In, Getting Involved, Changing the World",Paperback," ",1,"Watson, Tom",8.82,0.76,5.67,5.67,Wiley,english,english,english,16.95,USD,Wiley,272,0.90,8.60,5.50,0.30,Book,ABIS_BOOK,2010-12-07,Wiley,http://ecx.images-amazon.com/images/I/41BkNmlaoRL._SL75_.jpg,Wiley,725017
0470918217,"Burning the Ships: Transforming Your Company's Culture Through Intellectual Property Strategy",Paperback," ",1,"Phelps, Marshall",8.74,0.63,5.67,5.67,Wiley,english,english,english,16.95,USD,Wiley,186,0.71,8.66,5.67,0.53,Book,ABIS_BOOK,2010-12-21,Wiley,http://ecx.images-amazon.com/images/I/41gw1oH2GEL._SL75_.jpg,Wiley,513690
0470918322,"Algebra Form and Function (Algerbra Form and Function Math 1110 Algebra II Western Michigan University)",Paperback," "," ","McCallum Connally Hughes-Hallet et al"," "," "," "," "," "," "," "," "," "," "," "," ",0.60,10.40,8.50,2.00,Book,BOOKS_1973_AND_LATER,2011-01-01," ",http://ecx.images-amazon.com/images/I/51CZYW-KhnL._SL75_.jpg," ",1020611
0470918853,"Child Psychology and Development For Dummies",Paperback," ",1,"Smith, Laura L.",0.87,9.21,7.43,7.43,"For Dummies",english,english,english,19.99,USD,"For Dummies",384,1.10,9.10,7.20,0.85,Book,ABIS_BOOK,2011-03-01,"For Dummies",http://ecx.images-amazon.com/images/I/51xNEiIlIeL._SL75_.jpg,"For Dummies",286996
0470919000,"No One Would Listen: A True Financial Thriller",Paperback," ",1,"Markopolos, Harry",8.74,0.94,5.75,5.75,Wiley,english,english,english,16.95,USD,Wiley,354,1.10,8.60,5.70,2.20,Book,ABIS_BOOK,2011-02-08,Wiley,http://ecx.images-amazon.com/images/I/51ZUvDhl7xL._SL75_.jpg,Wiley,110210
0470919019,"The Bogleheads' Guide to Retirement Planning",Paperback,"Bogle, John C.",1,"Larimore, Taylor",1.04,8.94,5.95,5.95,Wiley,english,english,english,16.95,USD,Wiley,400,1.40,8.90,5.90,0.95,Book,ABIS_BOOK,2011-02-22,Wiley,http://ecx.images-amazon.com/images/I/51ER4-bIa4L._SL75_.jpg,Wiley,14885
0470919027,"Gods at War: Shotgun Takeovers, Government by Deal, and the Private Equity Implosion",Paperback," ",1,"Davidoff, Steven M.",8.74,1.03,5.67,5.67,Wiley,english,english,english,16.95,USD,Wiley,365,1.30,8.50,5.60,0.95,Book,ABIS_BOOK,2010-12-28,Wiley,http://ecx.images-amazon.com/images/I/51BqS1FGWXL._SL75_.jpg,Wiley,172699
0470919035,"How a Second Grader Beats Wall Street: Golden Rules Any Investor Can Learn",Paperback," ",1,"Roth, Allan S.",8.23,0.79,5.20,5.20,Wiley,english,english,english,14.95,USD,Wiley,262,0.90,8.10,5.10,0.70,Book,ABIS_BOOK,2011-01-25,Wiley,http://ecx.images-amazon.com/images/I/41TYlTs5oaL._SL75_.jpg,Wiley,200583
0470919094,"WP Stand Alone Intermediate Accounting (Wiley Plus Products)",Paperback," ",14,"Kieso, Donald E.",8.74,0.79,5.98,5.98,Wiley,english,english,english," "," ",Wiley," ",0.90,8.90,6.00,0.15,Book,ABIS_BOOK,2011-07-20,Wiley,http://ecx.images-amazon.com/images/I/317RmZ7QrpL._SL75_.jpg,Wiley,1193639
0470919655,"The Forbes/CFA Institute Investment Course: Timeless Principles for Building Wealth",Hardcover," ",1,"Janjigian, Vahan",9.25,1.06,6.26,6.26,Wiley,english,english,english,39.95,USD,Wiley,288,1.20,9.10,6.20,1.05,Book,ABIS_BOOK,2011-02-08,Wiley,http://ecx.images-amazon.com/images/I/51xXu8yHmZL._SL75_.jpg,Wiley,279739
0470919779,"Mastering Autodesk Maya 2012",Paperback," ",1,"Palamar, Todd",9.25,0.00,7.36,7.36,Sybex,english,english,english,69.99,USD,Sybex,992,1.90,9.20,7.30,4.30,Book,ABIS_BOOK,2011-08-02,Sybex,http://ecx.images-amazon.com/images/I/516UyBjmz-L._SL75_.jpg,Sybex,551449
0470919973,"Helping Students Remember, Includes CD-ROM: Exercises and Strategies to Strengthen Memory",Paperback," ",1,"Dehn, Milton J.",10.87,0.91,8.58,8.58,Wiley,english,english,english,58.00,USD,Wiley,276,1.00,10.80,8.40,1.25,Book,ABIS_BOOK,2011-10-11,Wiley,http://ecx.images-amazon.com/images/I/51d2zW2%2BOAL._SL75_.jpg,Wiley,150797
047091999X,"Reinforcement and Systemic Machine Learning for Decision Making (IEEE Press Series on Systems Science and Engineering)",Hardcover," ",1,"Kulkarni, Parag",9.25,0.91,6.26,6.26,"Wiley-IEEE Press",english,english,english,115.00,USD,"Wiley-IEEE Press",312,0.87,9.37,6.06,1.28,Book,ABIS_BOOK,2012-08-14,"Wiley-IEEE Press",http://ecx.images-amazon.com/images/I/41ViMoBF0NL._SL75_.jpg,"Wiley-IEEE Press",2833201
0470920009,"Someday Rich: Planning for Sustainable Tomorrows Today (Wiley Finance)",Hardcover," ",1,"Noonan, Timothy",9.25,1.10,6.26,6.26,Wiley,english,english,english,60.00,USD,Wiley,320,1.40,9.10,6.10,1.15,Book,ABIS_BOOK,2011-12-06,Wiley,http://ecx.images-amazon.com/images/I/4156W1aLKqL._SL75_.jpg,Wiley,1038922
0470920033,"The Business Guide to Legal Literacy: What Every Manager Should Know About the Law",Paperback," ",1,"Hasl-Kelchner, Hanna",8.74,0.87,5.75,5.75,Jossey-Bass,english,english,english,34.95,USD,Jossey-Bass,384,1.10,8.98,5.98,1.28,Book,ABIS_BOOK,2006-03-31,Jossey-Bass,http://ecx.images-amazon.com/images/I/518j8XLAu4L._SL75_.jpg,Jossey-Bass,3233884
0470920041,"The Little Book of Alternative Investments: Reaping Rewards by Daring to be Different (Little Books. Big Profits)",Hardcover," ",1,"Stein, Ben",7.32,1.06,5.47,5.47,Wiley,english,english,english,19.95,USD,Wiley,288,1.20,7.10,5.40,0.70,Book,ABIS_BOOK,2011-03-29,Wiley,http://ecx.images-amazon.com/images/I/51-m3q9XfcL._SL75_.jpg,Wiley,65734
0470920084,"A New American Tea Party: The Counterrevolution Against Bailouts, Handouts, Reckless Spending, and More Taxes",Paperback,"Malkin, Michelle",1,"O'Hara, John M.",9.13,0.91,5.67,5.67,Wiley,english,english,english,16.95,USD,Wiley,336,1.10,8.70,5.50,0.85,Book,ABIS_BOOK,2011-01-04,Wiley,http://ecx.images-amazon.com/images/I/51R4ch8pKYL._SL75_.jpg,Wiley,1004842
0470920106,"Measure What Matters: Online Tools For Understanding Customers, Social Media, Engagement, and Key Relationships",Hardcover," ",1,"Delahaye Paine, Katie",0.90,9.10,6.30,6.30,Wiley,english,english,english,27.95,USD,Wiley,272,1.00,9.10,6.00,1.00,Book,ABIS_BOOK,2011-03-15,Wiley,http://ecx.images-amazon.com/images/I/41N1nM%2BTUJL._SL75_.jpg,Wiley,113366
0470920157,"No-Hype Options Trading: Myths, Realities, and Strategies That Really Work (Wiley Trading)",Hardcover," ",1,"Given, Kerry",9.33,0.83,6.38,6.38,Wiley,english,english,english,60.00,USD,Wiley,198,1.00,9.00,6.10,0.50,Book,ABIS_BOOK,2011-01-11,Wiley,http://ecx.images-amazon.com/images/I/51fjhdkpU3L._SL75_.jpg,Wiley,531638
0470920343,"WP Stand Alone Accounting Principles (Wiley Plus Products)","Misc. Supplies"," ",10,"Weygandt, Jerry J.",9.25,0.59,6.26,6.26,Wiley,english,english,english," "," ",Wiley," ",0.90,9.00,6.10,0.02,Book,ABIS_BOOK,2011-07-05,Wiley,http://ecx.images-amazon.com/images/I/51R6wV6CJKL._SL75_.jpg,Wiley,476652
047092036X,"WP Stand Alone Financial Accounting: Tools for Business Decision Making (Wiley Plus Products)","Misc. Supplies"," ",6,"Kimmel, Paul D.",9.25,0.79,6.26,6.26,Wiley,english,english,english," "," ",Wiley," ",0.90,9.00,6.00,0.20,Book,ABIS_BOOK,2011-06-21,Wiley,http://ecx.images-amazon.com/images/I/31jHV2HRXtL._SL75_.jpg,Wiley,511798
0470920416,"Implementing SSL / TLS Using Cryptography and PKI",Paperback," ",1,"Davies, Joshua",9.37,1.42,7.60,7.60,Wiley,english,english,english,60.00,USD,Wiley,696,1.60,9.20,7.30,2.60,Book,ABIS_BOOK,2011-01-11,Wiley,http://ecx.images-amazon.com/images/I/41ApwrG56WL._SL75_.jpg,Wiley,186234
0470920424,"Unleashing the Power of IT: Bringing People, Business, and Technology Together (Wiley CIO)",Hardcover," ",1,"Roberts, Dan",0.99,9.22,6.30,6.30,Wiley,english,english,english,45.00,USD,Wiley,288,1.18,9.06,6.14,1.06,Book,ABIS_BOOK,2011-04-26,Wiley,http://ecx.images-amazon.com/images/I/51i6%2Bzp0VfL._SL75_.jpg,Wiley,299594
0470920440,"Practitioner's Complete Guide to M&amp;As, with Website: An All-Inclusive Reference (Wiley Finance)",Paperback," ",1,"Emott, David T.",10.75,1.18,8.27,8.27,Wiley,english,english,english,95.00,USD,Wiley,404,1.20,10.70,8.30,1.90,Book,ABIS_BOOK,2011-04-26,Wiley,http://ecx.images-amazon.com/images/I/51Y8WQEu5xL._SL75_.jpg,Wiley,1586029
0470920513,"Dynamic Economic Decision Making: Strategies for Financial Risk, Capital Markets, and Monetary Policy (Wiley Finance)",Hardcover," ",1,"Silvia, John",9.41,1.33,6.57,6.57,Wiley,english,english,english,70.00,USD,Wiley,381,1.40,9.10,6.10,1.45,Book,ABIS_BOOK,2011-08-09,Wiley,http://ecx.images-amazon.com/images/I/51rx3EoNajL._SL75_.jpg,Wiley,1061129
0470920904,"Organizational Behavior: A Strategic Approach","Loose Leaf"," ","3rd Edition Binder Ready Version","Hitt, Michael A.",10.00,0.90,7.85,7.85,Wiley,english,english,english," "," ",Wiley,688,0.81,9.83,7.44,1.31,Book,ABIS_BOOK,2010-06-15,Wiley,http://ecx.images-amazon.com/images/I/41b1wQ0%2B6mL._SL75_.jpg,Wiley,1180793
